<INFO>
	<ID>101</ID>
	<NAME>C/C++</NAME>
</INFO>
<SETTINGS>
<OPTIONS>
	<WordDelimeters>" \t\n,./?LTGT;:\"'{[}]~`%^AMP*()-+=!"</WordDelimeters>
	<SpecialDelimiters>";.{}\n"</SpecialDelimiters>
</OPTIONS>
<COLOR_DATA>
	<KEYWORDS>
		<Color>0000ff</Color>
		<CaseSensitive>True</CaseSensitive>
		<Keyword>__asm</Keyword>
		<Keyword>else</Keyword>
		<Keyword>struct</Keyword>
		<Keyword>__assume</Keyword>
		<Keyword>enum</Keyword>
		<Keyword>__multiple_inheritance</Keyword>
		<Keyword>switch</Keyword>
		<Keyword>auto</Keyword>
		<Keyword>__except</Keyword>
		<Keyword>__single_inheritance</Keyword>
		<Keyword>template</Keyword>
		<Keyword>__based</Keyword>
		<Keyword>explicit</Keyword>
		<Keyword>__virtual_inheritance</Keyword>
		<Keyword>this</Keyword>
		<Keyword>bool</Keyword>
		<Keyword>extern</Keyword>
		<Keyword>mutable</Keyword>
		<Keyword>break</Keyword>
		<Keyword>false</Keyword>
		<Keyword>throw</Keyword>
		<Keyword>case</Keyword>
		<Keyword>__fastcall</Keyword>
		<Keyword>namespace</Keyword>
		<Keyword>true</Keyword>
		<Keyword>catch</Keyword>
		<Keyword>__finally</Keyword>
		<Keyword>new</Keyword>
		<Keyword>try</Keyword>
		<Keyword>__cdecl</Keyword>
		<Keyword>float</Keyword>
		<Keyword>__try</Keyword>
		<Keyword>char</Keyword>
		<Keyword>for</Keyword>
		<Keyword>operator</Keyword>
		<Keyword>typedef</Keyword>
		<Keyword>class</Keyword>
		<Keyword>friend</Keyword>
		<Keyword>private</Keyword>
		<Keyword>typeid</Keyword>
		<Keyword>const</Keyword>
		<Keyword>goto</Keyword>
		<Keyword>protected</Keyword>
		<Keyword>typename</Keyword>
		<Keyword>const_cast</Keyword>
		<Keyword>if</Keyword>
		<Keyword>public</Keyword>
		<Keyword>union</Keyword>
		<Keyword>continue</Keyword>
		<Keyword>inline</Keyword>
		<Keyword>register</Keyword>
		<Keyword>unsigned</Keyword>
		<Keyword>__declspec</Keyword>
		<Keyword>__inline</Keyword>
		<Keyword>reinterpret_cast</Keyword>
		<Keyword>using</Keyword>
		<Keyword>default</Keyword>
		<Keyword>int</Keyword>
		<Keyword>return</Keyword>
		<Keyword>delete</Keyword>
		<Keyword>__int8</Keyword>
		<Keyword>short</Keyword>
		<Keyword>__uuidof</Keyword>
		<Keyword>__int16</Keyword>
		<Keyword>signed</Keyword>
		<Keyword>virtual</Keyword>
		<Keyword>__int32</Keyword>
		<Keyword>sizeof</Keyword>
		<Keyword>void</Keyword>
		<Keyword>do</Keyword>
		<Keyword>__int64</Keyword>
		<Keyword>static</Keyword>
		<Keyword>volatile</Keyword>
		<Keyword>double</Keyword>
		<Keyword>__leave</Keyword>
		<Keyword>static_cast</Keyword>
		<Keyword>wmain</Keyword>
		<Keyword>dynamic_cast</Keyword>
		<Keyword>long</Keyword>
		<Keyword>__stdcall</Keyword>
		<Keyword>while</Keyword>
		<Keyword>#define</Keyword>
		<Keyword>#error</Keyword>
		<Keyword>#import</Keyword>
		<Keyword>#undef</Keyword>
		<Keyword>#elif</Keyword>
		<Keyword>#if</Keyword>
		<Keyword>#include</Keyword>
		<Keyword>#else</Keyword>
		<Keyword>#ifdef</Keyword>
		<Keyword>#line</Keyword>
		<Keyword>#endif</Keyword>
		<Keyword>#ifndef</Keyword>
		<Keyword>#pragma</Keyword>
	</KEYWORDS>
	<BLOCKS>
		<BLOCK>
			<Start>/*</Start>
			<End>*/</End>
			<Color>008200</Color>
			<WholeText>true</WholeText>
		</BLOCK>
		<BLOCK>
			<Start>"</Start>
			<End>"</End>
			<Color>ff0000</Color>
			<WholeText>false</WholeText>
		</BLOCK>
		<BLOCK>
			<Start>//</Start>
			<Color>008200</Color>
			<WholeText>false</WholeText>
		</BLOCK>
	</BLOCKS>
</COLOR_DATA>
</SETTINGS>