<INFO>
	<ID>104</ID>
	<NAME>Java</NAME>
</INFO>
<SETTINGS>
<OPTIONS>
	<WordDelimeters>" \t\n,./?LTGT;:\"'{[}]~`%^AMP*()-+=!"</WordDelimeters>
</OPTIONS>
<COLOR_DATA>
	<KEYWORDS>
		<Color>0000ff</Color>
		<CaseSensitive>True</CaseSensitive>
		<Keyword>this</Keyword>
		<Keyword>super</Keyword>
		<Keyword>new</Keyword>
		<Keyword>instanceof</Keyword>
		<Keyword>true</Keyword>
		<Keyword>false</Keyword>
		<Keyword>else</Keyword>
		<Keyword>if</Keyword>
		<Keyword>switch</Keyword>
		<Keyword>case</Keyword>
		<Keyword>do</Keyword>
		<Keyword>for</Keyword>
		<Keyword>while</Keyword>
		<Keyword>break</Keyword>
		<Keyword>continue</Keyword>
		<Keyword>default</Keyword>
		<Keyword>goto</Keyword>
		<Keyword>return</Keyword>
		<Keyword>try</Keyword>
		<Keyword>throw</Keyword>
		<Keyword>catch</Keyword>
		<Keyword>finally</Keyword>
		<Keyword>boolean</Keyword>
		<Keyword>double</Keyword>
		<Keyword>int</Keyword>
		<Keyword>short</Keyword>
		<Keyword>long</Keyword>
		<Keyword>float</Keyword>
		<Keyword>byte</Keyword>
		<Keyword>char</Keyword>
		<Keyword>class</Keyword>
		<Keyword>interface</Keyword>
		<Keyword>void</Keyword>
		<Keyword>abstract</Keyword>
		<Keyword>const</Keyword>
		<Keyword>static</Keyword>
		<Keyword>final</Keyword>
		<Keyword>native</Keyword>
		<Keyword>extends</Keyword>
		<Keyword>implements</Keyword>
		<Keyword>volatile</Keyword>
		<Keyword>transient</Keyword>
		<Keyword>throws</Keyword>
		<Keyword>strictfp</Keyword>
		<Keyword>synchronized</Keyword>
		<Keyword>public</Keyword>
		<Keyword>protected</Keyword>
		<Keyword>private</Keyword>
		<Keyword>package</Keyword>
		<Keyword>import</Keyword>
		<Keyword>null</Keyword>
	</KEYWORDS>
	<BLOCKS>
		<BLOCK>
			<Start>/*</Start>
			<End>*/</End>
			<Color>008200</Color>
			<WholeText>true</WholeText>
		</BLOCK>
		<BLOCK>
			<Start>"</Start>
			<End>"</End>
			<Color>ff0000</Color>
			<WholeText>false</WholeText>
		</BLOCK>
		<BLOCK>
			<Start>//</Start>
			<Color>008200</Color>
			<WholeText>false</WholeText>
		</BLOCK>
	</BLOCKS>
</COLOR_DATA>
</SETTINGS>