<INFO>
	<ID>103</ID>
	<NAME>Pascal/Delphi</NAME>
</INFO>
<SETTINGS>
<OPTIONS>
	<WordDelimeters>" \t\n,./?LTGT;:\"'{[}]~`%^AMP*()-+=!"</WordDelimeters>
</OPTIONS>
<COLOR_DATA>
	<KEYWORDS>
		<Color>0000ff</Color>
		<CaseSensitive>Flase</CaseSensitive>
		<Keyword>absolute</Keyword>
		<Keyword>abstract</Keyword>
		<Keyword>and</Keyword>
		<Keyword>array</Keyword>
		<Keyword>as</Keyword>
		<Keyword>asm</Keyword>
		<Keyword>at</Keyword>
		<Keyword>automated</Keyword>
		<Keyword>begin</Keyword>
		<Keyword>case</Keyword>
		<Keyword>cdecl</Keyword>
		<Keyword>class</Keyword>
		<Keyword>const</Keyword>
		<Keyword>constructor</Keyword>
		<Keyword>default</Keyword>
		<Keyword>deprecated</Keyword>
		<Keyword>destructor</Keyword>
		<Keyword>dispinterface</Keyword>
		<Keyword>div</Keyword>
		<Keyword>do</Keyword>
		<Keyword>downto</Keyword>
		<Keyword>dynamic</Keyword>
		<Keyword>else</Keyword>
		<Keyword>end</Keyword>
		<Keyword>except</Keyword>
		<Keyword>export</Keyword>
		<Keyword>exports</Keyword>
		<Keyword>far</Keyword>
		<Keyword>finalization</Keyword>
		<Keyword>finally</Keyword>
		<Keyword>for</Keyword>
		<Keyword>function</Keyword>
		<Keyword>goto</Keyword>
		<Keyword>if</Keyword>
		<Keyword>implementation</Keyword>
		<Keyword>in</Keyword>
		<Keyword>inherited</Keyword>
		<Keyword>initialization</Keyword>
		<Keyword>inline</Keyword>
		<Keyword>interface</Keyword>
		<Keyword>is</Keyword>
		<Keyword>label</Keyword>
		<Keyword>library</Keyword>
		<Keyword>message</Keyword>
		<Keyword>mod</Keyword>
		<Keyword>near</Keyword>
		<Keyword>nil</Keyword>
		<Keyword>nodefault</Keyword>
		<Keyword>not</Keyword>
		<Keyword>object</Keyword>
		<Keyword>of</Keyword>
		<Keyword>on</Keyword>
		<Keyword>or</Keyword>
		<Keyword>out</Keyword>
		<Keyword>overload</Keyword>
		<Keyword>packed</Keyword>
		<Keyword>pascal</Keyword>
		<Keyword>platform</Keyword>
		<Keyword>private</Keyword>
		<Keyword>procedure</Keyword>
		<Keyword>program</Keyword>
		<Keyword>property</Keyword>
		<Keyword>protected</Keyword>
		<Keyword>public</Keyword>
		<Keyword>published</Keyword>
		<Keyword>raise</Keyword>
		<Keyword>read</Keyword>
		<Keyword>record</Keyword>
		<Keyword>register</Keyword>
		<Keyword>repeat</Keyword>
		<Keyword>resourcestring</Keyword>
		<Keyword>safecall</Keyword>
		<Keyword>set</Keyword>
		<Keyword>shl</Keyword>
		<Keyword>shr</Keyword>
		<Keyword>stdcall</Keyword>
		<Keyword>stored</Keyword>
		<Keyword>string</Keyword>
		<Keyword>then</Keyword>
		<Keyword>threadvar</Keyword>
		<Keyword>to</Keyword>
		<Keyword>try</Keyword>
		<Keyword>type</Keyword>
		<Keyword>unit</Keyword>
		<Keyword>until</Keyword>
		<Keyword>uses</Keyword>
		<Keyword>var</Keyword>
		<Keyword>while</Keyword>
		<Keyword>virtual</Keyword>
		<Keyword>with</Keyword>
		<Keyword>write</Keyword>
		<Keyword>xor</Keyword>
		<Keyword>dispose</Keyword>
		<Keyword>exit</Keyword>
		<Keyword>false</Keyword>
		<Keyword>new</Keyword>
		<Keyword>true</Keyword>
		<Keyword>Append</Keyword>
		<Keyword>Assign</Keyword>
		<Keyword>Blockread</Keyword>
		<Keyword>Blockwrite</Keyword>
		<Keyword>Close</Keyword>
		<Keyword>Eof</Keyword>
		<Keyword>Eoln</Keyword>
		<Keyword>Erase</Keyword>
		<Keyword>Filepos</Keyword>
		<Keyword>Filesize</Keyword>
		<Keyword>Flush</Keyword>
		<Keyword>IOresult</Keyword>
		<Keyword>Read</Keyword>
		<Keyword>Readln</Keyword>
		<Keyword>Rename</Keyword>
		<Keyword>Reset</Keyword>
		<Keyword>Rewrite</Keyword>
		<Keyword>Seek</Keyword>
		<Keyword>SeekEof</Keyword>
		<Keyword>SeekEoln</Keyword>
		<Keyword>SetTextBuf</Keyword>
		<Keyword>Truncate</Keyword>
		<Keyword>Write</Keyword>
		<Keyword>WriteLn</Keyword>
		<Keyword>Addr</Keyword>
		<Keyword>Assigned</Keyword>
		<Keyword>CompareByte</Keyword>
		<Keyword>CompareChar</Keyword>
		<Keyword>CompareDWord</Keyword>
		<Keyword>CompareWord</Keyword>
		<Keyword>CSeg</Keyword>
		<Keyword>DSeg</Keyword>
		<Keyword>FillByte</Keyword>
		<Keyword>Fillchar</Keyword>
		<Keyword>FillDWord</Keyword>
		<Keyword>Fillword</Keyword>
		<Keyword>Freemem</Keyword>
		<Keyword>Getmem</Keyword>
		<Keyword>GetMemoryManager</Keyword>
		<Keyword>High</Keyword>
		<Keyword>IsMemoryManagerSet</Keyword>
		<Keyword>Low</Keyword>
		<Keyword>Mark</Keyword>
		<Keyword>Maxavail</Keyword>
		<Keyword>Memavail</Keyword>
		<Keyword>Move</Keyword>
		<Keyword>MoveCharNull</Keyword>
		<Keyword>Ofs</Keyword>
		<Keyword>Ptr</Keyword>
		<Keyword>Release</Keyword>
		<Keyword>Seg</Keyword>
		<Keyword>SetMemoryManager</Keyword>
		<Keyword>Sptr</Keyword>
		<Keyword>SSeg</Keyword>
		<Keyword>Abs</Keyword>
		<Keyword>Arctan</Keyword>
		<Keyword>Cos</Keyword>
		<Keyword>Dec</Keyword>
		<Keyword>Exp</Keyword>
		<Keyword>Frac</Keyword>
		<Keyword>Hi</Keyword>
		<Keyword>Inc</Keyword>
		<Keyword>Int</Keyword>
		<Keyword>Ln</Keyword>
		<Keyword>Lo</Keyword>
		<Keyword>Odd</Keyword>
		<Keyword>Pi</Keyword>
		<Keyword>Power</Keyword>
		<Keyword>Random</Keyword>
		<Keyword>Randomize</Keyword>
		<Keyword>Round</Keyword>
		<Keyword>Sin</Keyword>
		<Keyword>Sqr</Keyword>
		<Keyword>Sqrt</Keyword>
		<Keyword>Swap</Keyword>
		<Keyword>Trunc</Keyword>
		<Keyword>BinStr</Keyword>
		<Keyword>Chr</Keyword>
		<Keyword>Concat</Keyword>
		<Keyword>Copy</Keyword>
		<Keyword>Delete</Keyword>
		<Keyword>HexStr</Keyword>
		<Keyword>Insert</Keyword>
		<Keyword>Length</Keyword>
		<Keyword>Lowercase</Keyword>
		<Keyword>Pos</Keyword>
		<Keyword>SetLength</Keyword>
		<Keyword>Str</Keyword>
		<Keyword>StringOfChar</Keyword>
		<Keyword>Upcase</Keyword>
		<Keyword>Val</Keyword>
		<Keyword>Chdir</Keyword>
		<Keyword>Getdir</Keyword>
		<Keyword>Halt</Keyword>
		<Keyword>Paramcount</Keyword>
		<Keyword>Paramstr</Keyword>
		<Keyword>Mkdir</Keyword>
		<Keyword>Rmdir</Keyword>
		<Keyword>Runerror</Keyword>
		<Keyword>Break</Keyword>
		<Keyword>Continue</Keyword>
		<Keyword>LongJmp</Keyword>
		<Keyword>Ord</Keyword>
		<Keyword>Pred</Keyword>
		<Keyword>SetJmp</Keyword>
		<Keyword>SizeOf</Keyword>
		<Keyword>Succ</Keyword>
		<Keyword>bool</Keyword>
		<Keyword>boolean</Keyword>
		<Keyword>byte</Keyword>
		<Keyword>cardinal</Keyword>
		<Keyword>char</Keyword>
		<Keyword>comp</Keyword>
		<Keyword>double</Keyword>
		<Keyword>extended</Keyword>
		<Keyword>file</Keyword>
		<Keyword>int64</Keyword>
		<Keyword>integer</Keyword>
		<Keyword>longbool</Keyword>
		<Keyword>longint</Keyword>
		<Keyword>longword</Keyword>
		<Keyword>pchar</Keyword>
		<Keyword>pointer</Keyword>
		<Keyword>real</Keyword>
		<Keyword>shortbool</Keyword>
		<Keyword>shortint</Keyword>
		<Keyword>single</Keyword>
		<Keyword>smallint</Keyword>
		<Keyword>word</Keyword>
		<Keyword>wordbool</Keyword>
	</KEYWORDS>
	<BLOCKS>
		<BLOCK>
			<Start>{</Start>
			<End>}</End>
			<Color>008200</Color>
			<WholeText>true</WholeText>
		</BLOCK>
		<BLOCK>
			<Start>'</Start>
			<End>'</End>
			<Color>ff0000</Color>
			<WholeText>false</WholeText>
		</BLOCK>
		<BLOCK>
			<Start>//</Start>
			<Color>008200</Color>
			<WholeText>false</WholeText>
		</BLOCK>
	</BLOCKS>
</COLOR_DATA>
</SETTINGS>