<INFO>
	<ID>105</ID>
	<NAME>VB/VB.Net</NAME>
</INFO>
<SETTINGS>
<OPTIONS>
	<WordDelimeters>" \t\n,./?LTGT;:\"'{[}]~`%^AMP*()-+=!"</WordDelimeters>
</OPTIONS>
<COLOR_DATA>
	<KEYWORDS>
		<Color>0000ff</Color>
		<CaseSensitive>True</CaseSensitive>
	  	<Keyword>#Const</Keyword>
	    <Keyword>#If</Keyword>
	    <Keyword>#ElseIf</Keyword> 
	    <Keyword>#Else</Keyword>
	    <Keyword>#End If</Keyword>
	    <Keyword>#End</Keyword>
        <Keyword>Collection</Keyword>
        <Keyword>Debug</Keyword>
        <Keyword>Dictionary</Keyword>
        <Keyword>Drive</Keyword>
        <Keyword>Drives</Keyword>
        <Keyword>Err</Keyword>
        <Keyword>File</Keyword>
        <Keyword>Files</Keyword>
        <Keyword>FileSystemObject</Keyword>
        <Keyword>Folder</Keyword>
        <Keyword>Folders</Keyword>
        <Keyword>TextStream</Keyword>
        <Keyword>Console</Keyword>
        <Keyword>System</Keyword>
        <Keyword>Microsoft</Keyword>
        <Keyword>VisualBasic</Keyword>
        <Keyword>Win32</Keyword>
        <Keyword>Collections</Keyword>
        <Keyword>Bases</Keyword>
        <Keyword>CodeDOM</Keyword>
        <Keyword>Compiler</Keyword>
        <Keyword>ComponentModel</Keyword>
        <Keyword>Design</Keyword>
        <Keyword>CodeModel</Keyword>
        <Keyword>Configuration</Keyword>
        <Keyword>Assemblies</Keyword>
        <Keyword>Install</Keyword>
        <Keyword>Interceptors</Keyword>
        <Keyword>Schema</Keyword>
        <Keyword>Core</Keyword>
        <Keyword>Data</Keyword>
        <Keyword>ADO</Keyword>
        <Keyword>Internal</Keyword>
        <Keyword>SQL</Keyword>
        <Keyword>SQLTypes</Keyword>
        <Keyword>DOM</Keyword>
        <Keyword>XPath</Keyword>
        <Keyword>XSLT</Keyword>
        <Keyword>Diagnostics</Keyword>
        <Keyword>SymbolStore</Keyword>
        <Keyword>DirectoryServices</Keyword>
        <Keyword>Drawing</Keyword>
        <Keyword>Drawing2D</Keyword>
        <Keyword>Imaging</Keyword>
        <Keyword>Printing</Keyword>
        <Keyword>Globalization</Keyword>
        <Keyword>IO</Keyword>
        <Keyword>IsolatedStorage</Keyword>
        <Keyword>Messaging</Keyword>
        <Keyword>Net</Keyword>
        <Keyword>NewXML</Keyword>
        <Keyword>Xsl</Keyword>
        <Keyword>Reflection</Keyword>
        <Keyword>Emit</Keyword>
        <Keyword>Resources</Keyword>
        <Keyword>Runtime</Keyword>
        <Keyword>InterOpServices</Keyword>
        <Keyword>Expando</Keyword>
        <Keyword>Remoting</Keyword>
        <Keyword>Serialization</Keyword>
        <Keyword>Formatters</Keyword>
        <Keyword>Binary</Keyword>
        <Keyword>Security</Keyword>
        <Keyword>Cryptography</Keyword>
        <Keyword>X509Certificates</Keyword>
        <Keyword>Permissions</Keyword>
        <Keyword>Policy</Keyword>
        <Keyword>Principalv</Keyword>
        <Keyword>ServiceProcess</Keyword>
        <Keyword>Text</Keyword>
        <Keyword>RegularExpressions</Keyword>
        <Keyword>Threading</Keyword>
        <Keyword>Timers</Keyword>
        <Keyword>Web</Keyword>
        <Keyword>Services</Keyword>
        <Keyword>Description</Keyword>
        <Keyword>Discovery</Keyword>
        <Keyword>Protocols</Keyword>
        <Keyword>UI</Keyword>
        <Keyword>WebControls</Keyword>
        <Keyword>ListControls</Keyword>
        <Keyword>HtmlControls</Keyword>
        <Keyword>WinForms</Keyword>
        <Keyword>ComponentModel</Keyword>
        <Keyword>Xml</Keyword>
        <Keyword>Code</Keyword>
        <Keyword>Schema</Keyword>
        <Keyword>Boolean</Keyword>
        <Keyword>Byte</Keyword>
        <Keyword>Char</Keyword>
        <Keyword>Date</Keyword>
        <Keyword>Decimal</Keyword>   
        <Keyword>Double</Keyword>     
        <Keyword>Integer</Keyword>
        <Keyword>Long</Keyword>
        <Keyword>Object</Keyword>        
        <Keyword>Short</Keyword>        
        <Keyword>Single</Keyword>
        <Keyword>String</Keyword>
        <Keyword>Exception</Keyword>
        <Keyword>AppActivate</Keyword>
        <Keyword>Beep</Keyword>
        <Keyword>Call</Keyword>
        <Keyword>ChDir</Keyword>
        <Keyword>ChDrive</Keyword>
        <Keyword>Class</Keyword>
        <Keyword>Declare</Keyword>
        <Keyword>Delegate</Keyword>
        <Keyword>DeleteSetting</Keyword>
        <Keyword>Dim</Keyword>
        <Keyword>Do</Keyword>
        <Keyword>Loop</Keyword>
        <Keyword>End</Keyword>
        <Keyword>Enum</Keyword>
        <Keyword>Error</Keyword>
        <Keyword>Event</Keyword>
        <Keyword>Exit</Keyword>
        <Keyword>Each</Keyword>
        <Keyword>Function</Keyword>
        <Keyword>Goto</Keyword>
        <Keyword>Overloads</Keyword>
        <Keyword>Overrides</Keyword>
        <Keyword>CantOverride</Keyword>
        <Keyword>MustOverride</Keyword>
        <Keyword>Protected</Keyword>
        <Keyword>Implements</Keyword>
        <Keyword>Imports</Keyword>
        <Keyword>Inherits</Keyword>
        <Keyword>Interface</Keyword>
        <Keyword>Kill</Keyword>
        <Keyword>Lock</Keyword>
        <Keyword>UnLock</Keyword>
        <Keyword>Mid</Keyword>
        <Keyword>MidB</Keyword>
        <Keyword>Namespace</Keyword>
        <Keyword>Open</Keyword>
        <Keyword>Option</Keyword>
        <Keyword>Compare</Keyword>
        <Keyword>Explicit</Keyword>
        <Keyword>Strict</Keyword>
        <Keyword>Print</Keyword>
        <Keyword>Private</Keyword>
        <Keyword>Property</Keyword>
        <Keyword>Public</Keyword>
        <Keyword>Put</Keyword>
        <Keyword>RaiseEvent</Keyword>
        <Keyword>Randomize</Keyword>
        <Keyword>ReDim</Keyword>
        <Keyword>Rem</Keyword>
        <Keyword>Reset</Keyword>
        <Keyword>Resume</Keyword>
        <Keyword>SaveSetting</Keyword>
        <Keyword>Seek</Keyword>
        <Keyword>Select</Keyword>
        <Keyword>Case</Keyword>
        <Keyword>SetAttr</Keyword>
        <Keyword>Stop</Keyword>
        <Keyword>Sub</Keyword>
        <Keyword>SyncLock</Keyword>
        <Keyword>TimeOfDay</Keyword>
        <Keyword>Try</Keyword>
        <Keyword>Catch</Keyword>
        <Keyword>Finally</Keyword>
        <Keyword>Structure</Keyword>
        <Keyword>Width</Keyword>
        <Keyword>With</Keyword>
        <Keyword>Write</Keyword>
        <Keyword>Addhandler</Keyword>
        <Keyword>As</Keyword>
        <Keyword>Assembly</Keyword>
        <Keyword>Auto</Keyword>
        <Keyword>BeginEpilogue</Keyword>
        <Keyword>Binary</Keyword>
        <Keyword>ByRef</Keyword>
        <Keyword>ByVal</Keyword>
        <Keyword>Const</Keyword>
        <Keyword>Else</Keyword>
        <Keyword>Empty</Keyword>
        <Keyword>EndPrologue</Keyword>
        <Keyword>Error</Keyword>
        <Keyword>ExternalSource</Keyword>
        <Keyword>For</Keyword>
        <Keyword>Friend</Keyword>
        <Keyword>Get</Keyword>
        <Keyword>Handles</Keyword>
        <Keyword>Input</Keyword>
        <Keyword>Is</Keyword>
        <Keyword>Len</Keyword>
        <Keyword>Let</Keyword>
        <Keyword>Lock</Keyword>
        <Keyword>Me</Keyword>
        <Keyword>Mid</Keyword>
        <Keyword>Module</Keyword>
        <Keyword>MustInherit</Keyword>
        <Keyword>MyBase</Keyword>
        <Keyword>MyClass</Keyword>
        <Keyword>New</Keyword>
        <Keyword>Next</Keyword>
        <Keyword>Nothing</Keyword>
        <Keyword>NotInheritable</Keyword>
        <Keyword>NotOverridable</Keyword>
        <Keyword>Null</Keyword>
        <Keyword>Off</Keyword>
        <Keyword>On</Keyword>
        <Keyword>Option</Keyword>
        <Keyword>Optional</Keyword>
        <Keyword>Overridable</Keyword>
        <Keyword>ParamArray</Keyword>
        <Keyword>Print</Keyword>
        <Keyword>Private</Keyword>
        <Keyword>Property</Keyword>
        <Keyword>Public</Keyword>
        <Keyword>ReadOnly</Keyword>
        <Keyword>RemoveHandler</Keyword>
        <Keyword>Resume</Keyword>
        <Keyword>Seek</Keyword>
        <Keyword>Step</Keyword>
        <Keyword>String</Keyword>
        <Keyword>Then</Keyword>
        <Keyword>Throw</Keyword>
        <Keyword>Time</Keyword>
        <Keyword>To</Keyword>
        <Keyword>WithEvents</Keyword>
        <Keyword>WriteOnly</Keyword>
        <Keyword>ElseIf</Keyword>
        <Keyword>EndIf</Keyword>
        <Keyword>Height</Keyword>
        <Keyword>In</Keyword>
        <Keyword>Return</Keyword>
        <Keyword>Set</Keyword>
        <Keyword>Shared</Keyword>
        <Keyword>Type</Keyword>
        <Keyword>TypeOf</Keyword>
        <Keyword>Until</Keyword>
        <Keyword>While</Keyword>        
        <Keyword>AddressOf</Keyword>
        <Keyword>And</Keyword>
        <Keyword>BitAnd</Keyword>
        <Keyword>BitNot</Keyword>
        <Keyword>BitOr</Keyword>
        <Keyword>BitXor</Keyword>
        <Keyword>Is</Keyword>
        <Keyword>Like</Keyword>
        <Keyword>Mod</Keyword>
        <Keyword>Not</Keyword>
        <Keyword>Or</Keyword>
        <Keyword>Xor</Keyword>
	</KEYWORDS>
	<BLOCKS>
		<BLOCK>
			<Start>/*</Start>
			<End>*/</End>
			<Color>008200</Color>
			<WholeText>true</WholeText>
		</BLOCK>
		<BLOCK>
			<Start>"</Start>
			<End>"</End>
			<Color>ff0000</Color>
			<WholeText>false</WholeText>
		</BLOCK>
		<BLOCK>
			<Start>'</Start>
			<Color>008200</Color>
			<WholeText>false</WholeText>
		</BLOCK>
		<BLOCK>
			<Start>REM</Start>
			<Color>008200</Color>
			<WholeText>false</WholeText>
		</BLOCK>
	</BLOCKS>
</COLOR_DATA>
</SETTINGS>