<INFO>
	<ID>106</ID>
	<NAME>XML</NAME>
</INFO>
<SETTINGS>
<COLOR_DATA>
	<BLOCKS>
		<BLOCK>
			<Start><!--</Start>
			<End>--></End>
			<Color>"DarkSlateGray"</Color>
			<WholeText>false</WholeText>
		</BLOCK>
		<BLOCK>
			<Start><![CDATA[</Start>
			<End>]]></End>
			<Color>"Blue"</Color>
			<WholeText>false</WholeText>
		</BLOCK>
		<BLOCK>
			<Start><!DOCTYPE</Start>
			<End>></End>
			<Color>"Blue"</Color>
			<WholeText>false</WholeText>
		</BLOCK>
		<BLOCK>
			<Start><?</Start>
			<End>?></End>
			<Color>0000ff</Color>
			<WholeText>false</WholeText>
		</BLOCK>
	</BLOCKS>
</COLOR_DATA>
</SETTINGS>